config,infra,ops,total,per_1k,hit_rate,eff
C+V+H+P,1830.0,919.45,2749.45,2.7494499999999995,86.95,0.03162450671952573
H+P,330.0,2492.0,2822.0,2.822,62.7,0.022218284904323177
V+H+P,1830.0,1699.15,3529.15,3.52915,74.05000000000001,0.020982389527223273
P,330.0,3614.0,3944.0,3.9439999999999995,34.65,0.008785496957403651
no_cache,230.0,5000.0,5230.0,5.23,0.0,0.0
